{"cameraMode":{"drawMode":0,"name":"Shaded","section":"Shading Mode"},"sceneLighting":false,"audioPlay":false,"sceneViewState":{"m_AlwaysRefresh":false,"showFog":true,"showSkybox":false,"showFlares":true,"showImageEffects":true,"showParticleSystems":true,"showVisualEffectGraphs":true,"m_FxEnabled":true},"in2DMode":false,"pivot":{"x":-0.13764166831970216,"y":26.522451400756837,"z":5.282553672790527},"rotation":{"x":-0.026990601792931558,"y":0.02128688618540764,"z":-0.000574886507820338,"w":-0.9994089603424072},"size":20.823619842529298,"orthographic":false}