{"cameraMode":{"drawMode":0,"name":"Shaded","section":"Shading Mode"},"sceneLighting":false,"audioPlay":false,"sceneViewState":{"m_AlwaysRefresh":false,"showFog":true,"showSkybox":false,"showFlares":true,"showImageEffects":true,"showParticleSystems":true,"showVisualEffectGraphs":true,"m_FxEnabled":true},"in2DMode":false,"pivot":{"x":-0.210999995470047,"y":0.10713669657707215,"z":2.0358731746673586},"rotation":{"x":0.26988551020622256,"y":0.4314711093902588,"z":-0.1370232105255127,"w":0.8498363494873047},"size":0.19353468716144563,"orthographic":false}