{"cameraMode":{"drawMode":0,"name":"Shaded","section":"Shading Mode"},"sceneLighting":false,"audioPlay":false,"sceneViewState":{"m_AlwaysRefresh":false,"showFog":true,"showSkybox":false,"showFlares":true,"showImageEffects":true,"showParticleSystems":true,"showVisualEffectGraphs":true,"m_FxEnabled":true},"in2DMode":false,"pivot":{"x":0.284113347530365,"y":0.18051600456237794,"z":-0.13262060284614564},"rotation":{"x":0.27969178557395937,"y":0.266489177942276,"z":-0.08112207800149918,"w":0.918791651725769},"size":0.36858853697776797,"orthographic":false}