{"cameraMode":{"drawMode":0,"name":"Shaded","section":"Shading Mode"},"sceneLighting":false,"audioPlay":false,"sceneViewState":{"m_AlwaysRefresh":false,"showFog":true,"showSkybox":false,"showFlares":true,"showImageEffects":true,"showParticleSystems":true,"showVisualEffectGraphs":true,"m_FxEnabled":true},"in2DMode":false,"pivot":{"x":0.009156495332717896,"y":0.05428462475538254,"z":-7.450580596923828e-9},"rotation":{"x":0.26988551020622256,"y":0.4314711093902588,"z":-0.1370232105255127,"w":0.8498363494873047},"size":0.23792490363121034,"orthographic":false}