{"cameraMode":{"drawMode":0,"name":"Shaded","section":"Shading Mode"},"sceneLighting":false,"audioPlay":false,"sceneViewState":{"m_AlwaysRefresh":false,"showFog":true,"showSkybox":false,"showFlares":true,"showImageEffects":true,"showParticleSystems":true,"showVisualEffectGraphs":true,"m_FxEnabled":true},"in2DMode":false,"pivot":{"x":1.7862322330474854,"y":-0.19818368554115296,"z":2.3462777137756349},"rotation":{"x":0.1764809936285019,"y":0.48087039589881899,"z":-0.0994807630777359,"w":0.8530674576759338},"size":0.9366081953048706,"orthographic":false}