{"cameraMode":{"drawMode":0,"name":"Shaded","section":"Shading Mode"},"sceneLighting":false,"audioPlay":false,"sceneViewState":{"m_AlwaysRefresh":false,"showFog":true,"showSkybox":false,"showFlares":true,"showImageEffects":true,"showParticleSystems":true,"showVisualEffectGraphs":true,"m_FxEnabled":true},"in2DMode":false,"pivot":{"x":15.485696792602539,"y":19.27440643310547,"z":117.58047485351563},"rotation":{"x":-0.004498312249779701,"y":0.02729259803891182,"z":-0.00012281806266400963,"w":-0.9996176958084106},"size":85.1681900024414,"orthographic":false}