{"cameraMode":{"drawMode":0,"name":"Shaded","section":"Shading Mode"},"sceneLighting":false,"audioPlay":false,"sceneViewState":{"m_AlwaysRefresh":false,"showFog":true,"showSkybox":false,"showFlares":true,"showImageEffects":true,"showParticleSystems":true,"showVisualEffectGraphs":true,"m_FxEnabled":true},"in2DMode":false,"pivot":{"x":-0.22300001978874207,"y":0.10703916847705841,"z":1.7255116701126099},"rotation":{"x":0.26988551020622256,"y":0.4314711093902588,"z":-0.1370232105255127,"w":0.8498363494873047},"size":0.1967565268278122,"orthographic":false}